elapsed_time(s),voltage_mV
0.000,-0.023
0.002,-0.018
0.004,-0.013
0.006,-0.008
0.008,0.000
0.010,0.012
0.012,0.025
0.014,0.047
0.016,0.082
0.018,0.110
0.020,0.135
0.022,0.152
0.024,0.160
0.026,0.158
0.028,0.147
0.030,0.127
0.032,0.102
0.034,0.075
0.036,0.048
0.038,0.022
0.040,-0.002
0.042,-0.025
0.044,-0.042
0.046,-0.055
0.048,-0.065
0.050,-0.070
0.052,-0.072
0.054,-0.070
0.056,-0.065
0.058,-0.057
0.060,-0.048
0.062,-0.038
0.064,-0.027
0.066,-0.017
0.068,-0.007
0.070,0.003
0.072,0.012
0.074,0.022
0.076,0.035
0.078,0.050
0.080,0.067
0.082,0.087
0.084,0.110
0.086,0.135
0.088,0.162
0.090,0.192
0.092,0.225
0.094,0.260
0.096,0.298
0.098,0.337
0.100,0.378
0.102,0.420
0.104,0.463
0.106,0.505
0.108,0.545
0.110,0.582
0.112,0.617
0.114,0.648
0.116,0.675
0.118,0.697
0.120,0.713
0.122,0.722
0.124,0.725
0.126,0.720
0.128,0.707
0.130,0.687
0.132,0.658
0.134,0.622
0.136,0.578
0.138,0.527
0.140,0.470
0.142,0.407
0.144,0.340
0.146,0.268
0.148,0.195
0.150,0.120
0.152,0.045
0.154,-0.028
0.156,-0.098
0.158,-0.165
0.160,-0.227
0.162,-0.283
0.164,-0.333
0.166,-0.375
0.168,-0.410
0.170,-0.437
0.172,-0.457
0.174,-0.468
0.176,-0.472
0.178,-0.468
0.180,-0.457
0.182,-0.438
0.184,-0.413
0.186,-0.382
0.188,-0.347
0.190,-0.307
0.192,-0.265
0.194,-0.220
0.196,-0.175
0.198,-0.130
0.200,-0.087
0.202,-0.045
0.204,-0.008
0.206,0.025
0.208,0.053
0.210,0.075
0.212,0.092
0.214,0.105
0.216,0.113
0.218,0.118
0.220,0.120
0.222,0.120
0.224,0.118
0.226,0.115
0.228,0.112
0.230,0.108
0.232,0.105
0.234,0.102
0.236,0.100
0.238,0.098
0.240,0.097
0.242,0.097
0.244,0.098
0.246,0.100
0.248,0.103
0.250,0.107
0.252,0.112
0.254,0.118
0.256,0.125
0.258,0.133
0.260,0.142
0.262,0.152
0.264,0.163
0.266,0.175
0.268,0.188
0.270,0.202
0.272,0.217
0.274,0.233
0.276,0.250
0.278,0.267
0.280,0.285
0.282,0.303
0.284,0.322
0.286,0.340
0.288,0.358
0.290,0.376
0.292,0.392
0.294,0.407
0.296,0.420
0.298,0.430
0.300,0.438
0.302,0.442
0.304,0.443
0.306,0.440
0.308,0.433
0.310,0.422
0.312,0.408
0.314,0.390
0.316,0.370
0.318,0.347
0.320,0.323
0.322,0.298
0.324,0.272
0.326,0.247
0.328,0.222
0.330,0.198
0.332,0.175
0.334,0.153
0.336,0.133
0.338,0.115
0.340,0.098
0.342,0.083
0.344,0.070
0.346,0.058
0.348,0.048
0.350,0.040
0.352,0.033
0.354,0.028
0.356,0.023
0.358,0.020
0.360,0.017
0.362,0.015
0.364,0.013
0.366,0.012
0.368,0.010
0.370,0.008
0.372,0.007
0.374,0.005
0.376,0.003
0.378,0.002
0.380,0.000
0.382,-0.002
0.384,-0.003
0.386,-0.005
0.388,-0.007
0.390,-0.010
0.392,-0.013
0.394,-0.017
0.396,-0.022
0.398,-0.028
0.400,-0.035
0.402,-0.043
0.404,-0.052
0.406,-0.062
0.408,-0.073
0.410,-0.085
0.412,-0.098
0.414,-0.112
0.416,-0.127
0.418,-0.142
0.420,-0.158
0.422,-0.173
0.424,-0.188
0.426,-0.203
0.428,-0.217
0.430,-0.230
0.432,-0.242
0.434,-0.252
0.436,-0.260
0.438,-0.267
0.440,-0.272
0.442,-0.275
0.444,-0.276
0.446,-0.275
0.448,-0.272
0.450,-0.267
0.452,-0.260
0.454,-0.252
0.456,-0.242
0.458,-0.230
0.460,-0.218
0.462,-0.205
0.464,-0.192
0.466,-0.178
0.468,-0.165
0.470,-0.152
0.472,-0.140
0.474,-0.128
0.476,-0.118
0.478,-0.108
0.480,-0.100
0.482,-0.093
0.484,-0.087
0.486,-0.082
0.488,-0.078
0.490,-0.075
0.492,-0.073
0.494,-0.072
0.496,-0.071
0.498,-0.071
0.500,-0.072
0.502,-0.073
0.504,-0.074
0.506,-0.075
0.508,-0.077
0.510,-0.078
0.512,-0.080
0.514,-0.081
0.516,-0.083
0.518,-0.084
0.520,-0.085
0.522,-0.085
0.524,-0.085
0.526,-0.084
0.528,-0.083
0.530,-0.082
0.532,-0.080
0.534,-0.078
0.536,-0.075
0.538,-0.072
0.540,-0.068
0.542,-0.065
0.544,-0.061
0.546,-0.058
0.548,-0.054
0.550,-0.051
0.552,-0.048
0.554,-0.045
0.556,-0.043
0.558,-0.041
0.560,-0.040
0.562,-0.039
0.564,-0.039
0.566,-0.039
0.568,-0.039
0.570,-0.040
0.572,-0.042
0.574,-0.044
0.576,-0.046
0.578,-0.048
0.580,-0.051
0.582,-0.054
0.584,-0.057
0.586,-0.061
0.588,-0.064
0.590,-0.067
0.592,-0.070
0.594,-0.073
0.596,-0.076
0.598,-0.079
0.600,-0.081
0.602,-0.083
0.604,-0.084
0.606,-0.085
0.608,-0.086
0.610,-0.087
0.612,-0.087
0.614,-0.087
0.616,-0.087
0.618,-0.087
0.620,-0.087
0.622,-0.087
0.624,-0.087
0.626,-0.087
0.628,-0.087
0.630,-0.087
0.632,-0.088
0.634,-0.089
0.636,-0.090
0.638,-0.092
0.640,-0.094
0.642,-0.097
0.644,-0.100
0.646,-0.104
0.648,-0.108
0.650,-0.112
0.652,-0.117
0.654,-0.122
0.656,-0.127
0.658,-0.133
0.660,-0.138
0.662,-0.143
0.664,-0.148
0.666,-0.153
0.668,-0.157
0.670,-0.161
0.672,-0.164
0.674,-0.166
0.676,-0.168
0.678,-0.168
0.680,-0.168
0.682,-0.167
0.684,-0.165
0.686,-0.162
0.688,-0.158
0.690,-0.153
0.692,-0.148
0.694,-0.142
0.696,-0.136
0.698,-0.130
0.700,-0.123
0.702,-0.117
0.704,-0.112
0.706,-0.107
0.708,-0.102
0.710,-0.098
0.712,-0.095
0.714,-0.092
0.716,-0.090
0.718,-0.088
0.720,-0.087
0.722,-0.087
0.724,-0.086
0.726,-0.086
0.728,-0.086
0.730,-0.086
0.732,-0.086
0.734,-0.086
0.736,-0.085
0.738,-0.084
0.740,-0.083
0.742,-0.082
0.744,-0.080
0.746,-0.078
0.748,-0.076
0.750,-0.073
0.752,-0.070
0.754,-0.067
0.756,-0.064
0.758,-0.061
0.760,-0.058
0.762,-0.056
0.764,-0.053
0.766,-0.051
0.768,-0.050
0.770,-0.048
0.772,-0.047
0.774,-0.047
0.776,-0.046
0.778,-0.046
0.780,-0.047
0.782,-0.047
0.784,-0.048
0.786,-0.049
0.788,-0.050
0.790,-0.051
0.792,-0.053
0.794,-0.054
0.796,-0.055
0.798,-0.056
0.800,-0.057
0.802,-0.057
0.804,-0.057
0.806,-0.057
0.808,-0.056
0.810,-0.055
0.812,-0.053
0.814,-0.051
0.816,-0.048
0.818,-0.045
0.820,-0.042
0.822,-0.038
0.824,-0.035
0.826,-0.031
0.828,-0.027
0.830,-0.024
0.832,-0.021
0.834,-0.018
0.836,-0.016
0.838,-0.014
0.840,-0.013
0.842,-0.012
0.844,-0.012
0.846,-0.012
0.848,-0.012
0.850,-0.012
0.852,-0.013
0.854,-0.014
0.856,-0.015
0.858,-0.016
0.860,-0.018
0.862,-0.020
0.864,-0.022
0.866,-0.024
0.868,-0.026
0.870,-0.028
0.872,-0.030
0.874,-0.032
0.876,-0.033
0.878,-0.035
0.880,-0.036
0.882,-0.037
0.884,-0.038
0.886,-0.039
0.888,-0.039
0.890,-0.039
0.892,-0.039
0.894,-0.039
0.896,-0.038
0.898,-0.037
0.900,-0.036
0.902,-0.035
0.904,-0.034
0.906,-0.033
0.908,-0.031
0.910,-0.030
0.912,-0.029
0.914,-0.028
0.916,-0.027
0.918,-0.026
0.920,-0.026
0.922,-0.025
0.924,-0.025
0.926,-0.025
0.928,-0.025
0.930,-0.025
0.932,-0.025
0.934,-0.026
0.936,-0.026
0.938,-0.027
0.940,-0.028
0.942,-0.028
0.944,-0.029
0.946,-0.030
0.948,-0.030
0.950,-0.031
0.952,-0.031
0.954,-0.031
0.956,-0.031
0.958,-0.030
0.960,-0.030
0.962,-0.029
0.964,-0.028
0.966,-0.026
0.968,-0.025
0.970,-0.023
0.972,-0.021
0.974,-0.020
0.976,-0.018
0.978,-0.016
0.980,-0.015
0.982,-0.013
0.984,-0.012
0.986,-0.011
0.988,-0.010
0.990,-0.009
0.992,-0.008
0.994,-0.008
0.996,-0.007
0.998,-0.007
1.000,-0.006
1.002,-0.006
1.004,-0.005
1.006,-0.005
1.008,-0.004
1.010,-0.004
1.012,-0.003
1.014,-0.003
1.016,-0.002
1.018,-0.002
1.020,-0.001
1.022,-0.001
1.024,0.000
1.026,0.000
1.028,0.001
1.030,0.002
1.032,0.003
1.034,0.004
1.036,0.005
1.038,0.006
1.040,0.007
1.042,0.008
1.044,0.010
1.046,0.011
1.048,0.013
1.050,0.015
1.052,0.017
1.054,0.019
1.056,0.022
1.058,0.024
1.060,0.027
1.062,0.030
1.064,0.033
1.066,0.037
1.068,0.040
1.070,0.044
1.072,0.048
1.074,0.052
1.076,0.056
1.078,0.060
1.080,0.064
1.082,0.068
1.084,0.072
1.086,0.076
1.088,0.079
1.090,0.083
1.092,0.086
1.094,0.088
1.096,0.090
1.098,0.092
1.100,0.093
1.102,0.094
1.104,0.095
1.106,0.095
1.108,0.095
1.110,0.095
1.112,0.095
1.114,0.095
1.116,0.095
1.118,0.095
1.120,0.095
1.122,0.095
1.124,0.095
1.126,0.095
1.128,0.096
1.130,0.097
1.132,0.099
1.134,0.101
1.136,0.104
1.138,0.107
1.140,0.110
1.142,0.114
1.144,0.118
1.146,0.123
1.148,0.128
1.150,0.133
1.152,0.138
1.154,0.143
1.156,0.148
1.158,0.153
1.160,0.157
1.162,0.161
1.164,0.165
1.166,0.168
1.168,0.170
1.170,0.172
1.172,0.172
1.174,0.172
1.176,0.172
1.178,0.170
1.180,0.168
1.182,0.165
1.184,0.162
1.186,0.157
1.188,0.153
1.190,0.148
1.192,0.142
1.194,0.137
1.196,0.132
1.198,0.126
1.200,0.121
1.202,0.117
1.204,0.112
1.206,0.108
1.208,0.105
1.210,0.102
1.212,0.099
1.214,0.097
1.216,0.095
1.218,0.094
1.220,0.092
1.222,0.091
1.224,0.091
1.226,0.090
1.228,0.089
1.230,0.089
1.232,0.088
1.234,0.087
1.236,0.086
1.238,0.086
1.240,0.085
1.242,0.084
1.244,0.083
1.246,0.082
1.248,0.081
1.250,0.080
1.252,0.079
1.254,0.078
1.256,0.077
1.258,0.076
1.260,0.075
1.262,0.074
1.264,0.073
1.266,0.072
1.268,0.071
1.270,0.070
1.272,0.069
1.274,0.068
1.276,0.067
1.278,0.066
1.280,0.065
1.282,0.064
1.284,0.063
1.286,0.062
1.288,0.061
1.290,0.060
1.292,0.058
1.294,0.057
1.296,0.055
1.298,0.054
1.300,0.052
1.302,0.050
1.304,0.048
1.306,0.046
1.308,0.044
1.310,0.042
1.312,0.040
1.314,0.038
1.316,0.036
1.318,0.034
1.320,0.032
1.322,0.030
1.324,0.029
1.326,0.027
1.328,0.026
1.330,0.025
1.332,0.024
1.334,0.023
1.336,0.023
1.338,0.023
1.340,0.023
1.342,0.023
1.344,0.024
1.346,0.024
1.348,0.025
1.350,0.026
1.352,0.027
1.354,0.028
1.356,0.030
1.358,0.031
1.360,0.032
1.362,0.033
1.364,0.035
1.366,0.036
1.368,0.037
1.370,0.038
1.372,0.039
1.374,0.040
1.376,0.041
1.378,0.042
1.380,0.043
1.382,0.043
1.384,0.044
1.386,0.044
1.388,0.045
1.390,0.045
1.392,0.045
1.394,0.046
1.396,0.046
1.398,0.046
1.400,0.047
1.402,0.047
1.404,0.048
1.406,0.049
1.408,0.049
1.410,0.050
1.412,0.051
1.414,0.052
1.416,0.053
1.418,0.054
1.420,0.055
1.422,0.056
1.424,0.057
1.426,0.058
1.428,0.059
1.430,0.060
1.432,0.060
1.434,0.061
1.436,0.062
1.438,0.062
1.440,0.063
1.442,0.063
1.444,0.063
1.446,0.064
1.448,0.064
1.450,0.064
1.452,0.064
1.454,0.064
1.456,0.064
1.458,0.064
1.460,0.064
1.462,0.064
1.464,0.064
1.466,0.064
1.468,0.064
1.470,0.064
1.472,0.064
1.474,0.064
1.476,0.064
1.478,0.064
1.480,0.064
1.482,0.064
1.484,0.064
1.486,0.064
1.488,0.064
1.490,0.064
1.492,0.064
1.494,0.064
1.496,0.064
1.498,0.064
1.500,0.064
1.502,0.064
1.504,0.064
1.506,0.064
1.508,0.064
1.510,0.064
1.512,0.064
1.514,0.064
1.516,0.064
1.518,0.064
1.520,0.064
1.522,0.064
1.524,0.064
1.526,0.064
1.528,0.064
1.530,0.064
1.532,0.064
1.534,0.064
1.536,0.064
1.538,0.064
1.540,0.064
1.542,0.064
1.544,0.064
1.546,0.064
1.548,0.064
1.550,0.064
1.552,0.064
1.554,0.064
1.556,0.064
1.558,0.064
1.560,0.064
1.562,0.064
1.564,0.064
1.566,0.064
1.568,0.064
1.570,0.064
1.572,0.064
1.574,0.064
1.576,0.064
1.578,0.064
1.580,0.064
1.582,0.064
1.584,0.064
1.586,0.064
1.588,0.064
1.590,0.064
1.592,0.064
1.594,0.064
1.596,0.064
1.598,0.064
1.600,0.064
1.602,0.064
1.604,0.064
1.606,0.064
1.608,0.064
1.610,0.064
1.612,0.064
1.614,0.064
1.616,0.064
1.618,0.064
1.620,0.064
1.622,0.064
1.624,0.064
1.626,0.064
1.628,0.064
1.630,0.064
1.632,0.064
1.634,0.064
1.636,0.064
1.638,0.064
1.640,0.064
1.642,0.064
1.644,0.064
1.646,0.064
1.648,0.064
1.650,0.064
1.652,0.064
1.654,0.064
1.656,0.064
1.658,0.064
1.660,0.064
1.662,0.064
1.664,0.064
1.666,0.064
1.668,0.064
1.670,0.064
1.672,0.064
1.674,0.064
1.676,0.064
1.678,0.064
1.680,0.064
1.682,0.064
1.684,0.064
1.686,0.064
1.688,0.064
1.690,0.064
1.692,0.064
1.694,0.064
1.696,0.064
1.698,0.064
1.700,0.064
1.702,0.064
1.704,0.064
1.706,0.064
1.708,0.064
1.710,0.064
1.712,0.064
1.714,0.064
1.716,0.064
1.718,0.064
1.720,0.064
1.722,0.064
1.724,0.064
1.726,0.064
1.728,0.064
1.730,0.064
1.732,0.064
1.734,0.064
1.736,0.064
1.738,0.064
1.740,0.064
1.742,0.064
1.744,0.064
1.746,0.064
1.748,0.064
1.750,0.064
1.752,0.064
1.754,0.064
1.756,0.064
1.758,0.064
1.760,0.064
1.762,0.064
1.764,0.064
1.766,0.064
1.768,0.064
1.770,0.064
1.772,0.064
1.774,0.064
1.776,0.064
1.778,0.064
1.780,0.064
1.782,0.064
1.784,0.064
1.786,0.064
1.788,0.064
1.790,0.064
1.792,0.064
1.794,0.064
1.796,0.064
1.798,0.064
1.800,0.064
1.802,0.064
1.804,0.064
1.806,0.064
1.808,0.064
1.810,0.064
1.812,0.064
1.814,0.064
1.816,0.064
1.818,0.064
1.820,0.064
1.822,0.064
1.824,0.064
1.826,0.064
1.828,0.064
1.830,0.064
1.832,0.064
1.834,0.064
1.836,0.064
1.838,0.064
1.840,0.064
1.842,0.064
1.844,0.064
1.846,0.064
1.848,0.064
1.850,0.064
1.852,0.064
1.854,0.064
1.856,0.064
1.858,0.064
1.860,0.064
1.862,0.064
1.864,0.064
1.866,0.064
1.868,0.064
1.870,0.064
1.872,0.064
1.874,0.064
1.876,0.064
1.878,0.064
1.880,0.064
1.882,0.064
1.884,0.064
1.886,0.064
1.888,0.064
1.890,0.064
1.892,0.064
1.894,0.064
1.896,0.064
1.898,0.064
1.900,0.064
1.902,0.064
1.904,0.064
1.906,0.064
1.908,0.064
1.910,0.064
1.912,0.064
1.914,0.064
1.916,0.064
1.918,0.064
1.920,0.064
1.922,0.064
1.924,0.064
1.926,0.064
1.928,0.064
1.930,0.064
1.932,0.064
1.934,0.064
1.936,0.064
1.938,0.064
1.940,0.064
1.942,0.064
1.944,0.064
1.946,0.064
1.948,0.064
1.950,0.064
1.952,0.064
1.954,0.064
1.956,0.064
1.958,0.064
1.960,0.064
1.962,0.064
1.964,0.064
1.966,0.064
1.968,0.064
1.970,0.064
1.972,0.064
1.974,0.064
1.976,0.064
1.978,0.064
1.980,0.064
1.982,0.064
1.984,0.064
1.986,0.064
1.988,0.064
1.990,0.064
1.992,0.064
1.994,0.064
1.996,0.064
1.998,0.064
2.000,0.064
2.002,0.064
2.004,0.064
2.006,0.064
2.008,0.064
2.010,0.064
2.012,0.064
2.014,0.064
2.016,0.064
2.018,0.064
2.020,0.064
2.022,0.064
2.024,0.064
2.026,0.064
2.028,0.064
2.030,0.064
2.032,0.064
2.034,0.064
2.036,0.064
2.038,0.064
2.040,0.064
2.042,0.064
2.044,0.064
2.046,0.064
2.048,0.064
2.050,0.064
2.052,0.064
2.054,0.064
2.056,0.064
2.058,0.064
2.060,0.064
2.062,0.064
2.064,0.064
2.066,0.064
2.068,0.064
2.070,0.064
2.072,0.064
2.074,0.064
2.076,0.064
2.078,0.064
2.080,0.064
2.082,0.064
2.084,0.064
2.086,0.064
2.088,0.064
2.090,0.064
2.092,0.064
2.094,0.064
2.096,0.064
2.098,0.064
2.100,0.064
2.102,0.064
2.104,0.064
2.106,0.064
2.108,0.064
2.110,0.064
2.112,0.064
2.114,0.064
2.116,0.064
2.118,0.064
2.120,0.064
2.122,0.064
2.124,0.064
2.126,0.064
2.128,0.064
2.130,0.064
2.132,0.064
2.134,0.064
2.136,0.064
2.138,0.064
2.140,0.064
2.142,0.064
2.144,0.064
2.146,0.064
2.148,0.064
2.150,0.064
2.152,0.064
2.154,0.064
2.156,0.064
2.158,0.064
2.160,0.064
2.162,0.064
2.164,0.064
2.166,0.064
2.168,0.064
2.170,0.064
2.172,0.064
2.174,0.064
2.176,0.064
2.178,0.064
2.180,0.064
2.182,0.064
2.184,0.064
2.186,0.064
2.188,0.064
2.190,0.064
2.192,0.064
2.194,0.064
2.196,0.064
2.198,0.064
2.200,0.064
2.202,0.064
2.204,0.064
2.206,0.064
2.208,0.064
2.210,0.064
2.212,0.064
2.214,0.064
2.216,0.064
2.218,0.064
2.220,0.064
2.222,0.064
2.224,0.064
2.226,0.064
2.228,0.064
2.230,0.064
2.232,0.064
2.234,0.064
2.236,0.064
2.238,0.064
2.240,0.064
2.242,0.064
2.244,0.064
2.246,0.064
2.248,0.064
2.250,0.064
2.252,0.064
2.254,0.064
2.256,0.064
2.258,0.064
2.260,0.064
2.262,0.064
2.264,0.064
2.266,0.064
2.268,0.064
2.270,0.064
2.272,0.064
2.274,0.064
2.276,0.064
2.278,0.064
2.280,0.064
2.282,0.064
2.284,0.064
2.286,0.064
2.288,0.064
2.290,0.064
2.292,0.064
2.294,0.064
2.296,0.064
2.298,0.064
2.300,0.064
2.302,0.064
2.304,0.064
2.306,0.064
2.308,0.064
2.310,0.064
2.312,0.064
2.314,0.064
2.316,0.064
2.318,0.064
2.320,0.064
2.322,0.064
2.324,0.064
2.326,0.064
2.328,0.064
2.330,0.064
2.332,0.064
2.334,0.064
2.336,0.064
2.338,0.064
2.340,0.064
2.342,0.064
2.344,0.064
2.346,0.064
2.348,0.064
2.350,0.064
2.352,0.064
2.354,0.064
2.356,0.064
2.358,0.064
2.360,0.064
2.362,0.064
2.364,0.064
2.366,0.064
2.368,0.064
2.370,0.064
2.372,0.064
2.374,0.064
2.376,0.064
2.378,0.064
2.380,0.064
2.382,0.064
2.384,0.064
2.386,0.064
2.388,0.064
2.390,0.064
2.392,0.064
2.394,0.064
2.396,0.064
2.398,0.064
2.400,0.064
2.402,0.064
2.404,0.064
2.406,0.064
2.408,0.064
2.410,0.064
2.412,0.064
2.414,0.064
2.416,0.064
2.418,0.064
2.420,0.064
2.422,0.064
2.424,0.064
2.426,0.064
2.428,0.064
2.430,0.064
2.432,0.064
2.434,0.064
2.436,0.064
2.438,0.064
2.440,0.064
2.442,0.064
2.444,0.064
2.446,0.064
2.448,0.064
2.450,0.064
2.452,0.064
2.454,0.064
2.456,0.064
2.458,0.064
2.460,0.064
2.462,0.064
2.464,0.064
2.466,0.064
2.468,0.064
2.470,0.064
2.472,0.064
2.474,0.064
2.476,0.064
2.478,0.064
2.480,0.064
2.482,0.064
2.484,0.064
2.486,0.064
2.488,0.064
2.490,0.064
2.492,0.064
2.494,0.064
2.496,0.064
2.498,0.064
2.500,0.064
2.502,0.064
2.504,0.064
2.506,0.064
2.508,0.064
2.510,0.064
2.512,0.064
2.514,0.064
2.516,0.064
2.518,0.064
2.520,0.064
2.522,0.064
2.524,0.064
2.526,0.064
2.528,0.064
2.530,0.064
2.532,0.064
2.534,0.064
2.536,0.064
2.538,0.064
2.540,0.064
2.542,0.064
2.544,0.064
2.546,0.064
2.548,0.064
2.550,0.064
2.552,0.064
2.554,0.064
2.556,0.064
2.558,0.064
2.560,0.064
2.562,0.064
2.564,0.064
2.566,0.064
2.568,0.064
2.570,0.064
2.572,0.064
2.574,0.064
2.576,0.064
2.578,0.064
2.580,0.064
2.582,0.064
2.584,0.064
2.586,0.064
2.588,0.064
2.590,0.064
2.592,0.064
2.594,0.064
2.596,0.064
2.598,0.064
2.600,0.064
2.602,0.064
2.604,0.064
2.606,0.064
2.608,0.064
2.610,0.064
2.612,0.064
2.614,0.064
2.616,0.064
2.618,0.064
2.620,0.064
2.622,0.064
2.624,0.064
2.626,0.064
2.628,0.064
2.630,0.064
2.632,0.064
2.634,0.064
2.636,0.064
2.638,0.064
2.640,0.064
2.642,0.064
2.644,0.064
2.646,0.064
2.648,0.064
2.650,0.064
2.652,0.064
2.654,0.064
2.656,0.064
2.658,0.064
2.660,0.064
2.662,0.064
2.664,0.064
2.666,0.064
2.668,0.064
2.670,0.064
2.672,0.064
2.674,0.064
2.676,0.064
2.678,0.064
2.680,0.064
2.682,0.064
2.684,0.064
2.686,0.064
2.688,0.064
2.690,0.064
2.692,0.064
2.694,0.064
2.696,0.064
2.698,0.064
2.700,0.064
2.702,0.064
2.704,0.064
2.706,0.064
2.708,0.064
2.710,0.064
2.712,0.064
2.714,0.064
2.716,0.064
2.718,0.064
2.720,0.064
2.722,0.064
2.724,0.064
2.726,0.064
2.728,0.064
2.730,0.064
2.732,0.064
2.734,0.064
2.736,0.064
2.738,0.064
2.740,0.064
2.742,0.064
2.744,0.064
2.746,0.064
2.748,0.064
2.750,0.064
2.752,0.064
2.754,0.064
2.756,0.064
2.758,0.064
2.760,0.064
2.762,0.064
2.764,0.064
2.766,0.064
2.768,0.064
2.770,0.064
2.772,0.064
2.774,0.064
2.776,0.064
2.778,0.064
2.780,0.064
2.782,0.064
2.784,0.064
2.786,0.064
2.788,0.064
2.790,0.064
2.792,0.064
2.794,0.064
2.796,0.064
2.798,0.064
2.800,0.064
2.802,0.064
2.804,0.064
2.806,0.064
2.808,0.064
2.810,0.064
2.812,0.064
2.814,0.064
2.816,0.064
2.818,0.064
2.820,0.064
2.822,0.064
2.824,0.064
2.826,0.064
2.828,0.064
2.830,0.064
2.832,0.064
2.834,0.064
2.836,0.064
2.838,0.064
2.840,0.064
2.842,0.064
2.844,0.064
2.846,0.064
2.848,0.064
2.850,0.064
2.852,0.064
2.854,0.064
2.856,0.064
2.858,0.064
2.860,0.064
2.862,0.064
2.864,0.064
2.866,0.064
2.868,0.064
2.870,0.064
2.872,0.064
2.874,0.064
2.876,0.064
2.878,0.064
2.880,0.064
2.882,0.064
2.884,0.064
2.886,0.064
2.888,0.064
2.890,0.064
2.892,0.064
2.894,0.064
2.896,0.064
2.898,0.064
2.900,0.064
2.902,0.064
2.904,0.064
2.906,0.064
2.908,0.064
2.910,0.064
2.912,0.064
2.914,0.064
2.916,0.064
2.918,0.064
2.920,0.064
2.922,0.064
2.924,0.064
2.926,0.064
2.928,0.064
2.930,0.064
2.932,0.064
2.934,0.064
2.936,0.064
2.938,0.064
2.940,0.064
2.942,0.064
2.944,0.064
2.946,0.064
2.948,0.064
2.950,0.064
2.952,0.064
2.954,0.064
2.956,0.064
2.958,0.064
2.960,0.064
2.962,0.064
2.964,0.064
2.966,0.064
2.968,0.064
2.970,0.064
2.972,0.064
2.974,0.064
2.976,0.064
2.978,0.064
2.980,0.064
2.982,0.064
2.984,0.064
2.986,0.064
2.988,0.064
2.990,0.064
2.992,0.064
2.994,0.064
2.996,0.064
2.998,0.064
3.000,0.064
3.002,0.064
3.004,0.064
3.006,0.064
3.008,0.064
3.010,0.064
3.012,0.064
3.014,0.064
3.016,0.064
3.018,0.064
3.020,0.064
3.022,0.064
3.024,0.064
3.026,0.064
3.028,0.064
3.030,0.064
3.032,0.064
3.034,0.064
3.036,0.064
3.038,0.064
3.040,0.064
3.042,0.064
3.044,0.064
3.046,0.064
3.048,0.064
3.050,0.064
3.052,0.064
3.054,0.064
3.056,0.064
3.058,0.064
3.060,0.064
3.062,0.064
3.064,0.064
3.066,0.064
3.068,0.064
3.070,0.064
3.072,0.064
3.074,0.064
3.076,0.064
3.078,0.064
3.080,0.064
3.082,0.064
3.084,0.064
3.086,0.064
3.088,0.064
3.090,0.064
3.092,0.064
3.094,0.064
3.096,0.064
3.098,0.064
3.100,0.064
3.102,0.064
3.104,0.064
3.106,0.064
3.108,0.064
3.110,0.064
3.112,0.064
3.114,0.064
3.116,0.064
3.118,0.064
3.120,0.064
3.122,0.064
3.124,0.064
3.126,0.064
3.128,0.064
3.130,0.064
3.132,0.064
3.134,0.064
3.136,0.064
3.138,0.064
3.140,0.064
3.142,0.064
3.144,0.064
3.146,0.064
3.148,0.064
3.150,0.064
3.152,0.064
3.154,0.064
3.156,0.064
3.158,0.064
3.160,0.064
3.162,0.064
3.164,0.064
3.166,0.064
3.168,0.064
3.170,0.064
3.172,0.064
3.174,0.064
3.176,0.064
3.178,0.064
3.180,0.064
3.182,0.064
3.184,0.064
3.186,0.064
3.188,0.064
3.190,0.064
3.192,0.064
3.194,0.064
3.196,0.064
3.198,0.064
3.200,0.064
3.202,0.064
3.204,0.064
3.206,0.064
3.208,0.064
3.210,0.064
3.212,0.064
3.214,0.064
3.216,0.064
3.218,0.064
3.220,0.064
3.222,0.064
3.224,0.064
3.226,0.064
3.228,0.064
3.230,0.064
3.232,0.064
3.234,0.064
3.236,0.064
3.238,0.064
3.240,0.064
3.242,0.064
3.244,0.064
3.246,0.064
3.248,0.064
3.250,0.064
3.252,0.064
3.254,0.064
3.256,0.064
3.258,0.064
3.260,0.064
3.262,0.064
3.264,0.064
3.266,0.064
3.268,0.064
3.270,0.064
3.272,0.064
3.274,0.064
3.276,0.064
3.278,0.064
3.280,0.064
3.282,0.064
3.284,0.064
3.286,0.064
3.288,0.064
3.290,0.064
3.292,0.064
3.294,0.064
3.296,0.064
3.298,0.064
3.300,0.064
3.302,0.064
3.304,0.064
3.306,0.064
3.308,0.064
3.310,0.064
3.312,0.064
3.314,0.064
3.316,0.064
3.318,0.064
3.320,0.064
3.322,0.064
3.324,0.064
3.326,0.064
3.328,0.064
3.330,0.064
3.332,0.064
3.334,0.064
3.336,0.064
3.338,0.064
3.340,0.064
3.342,0.064
3.344,0.064
3.346,0.064
3.348,0.064
3.350,0.064
3.352,0.064
3.354,0.064
3.356,0.064
3.358,0.064
3.360,0.064
3.362,0.064
3.364,0.064
3.366,0.064
3.368,0.064
3.370,0.064
3.372,0.064
3.374,0.064
3.376,0.064
3.378,0.064
3.380,0.064
3.382,0.064
3.384,0.064
3.386,0.064
3.388,0.064
3.390,0.064
3.392,0.064
3.394,0.064
3.396,0.064
3.398,0.064
3.400,0.064
3.402,0.064
3.404,0.064
3.406,0.064
3.408,0.064
3.410,0.064
3.412,0.064
3.414,0.064
3.416,0.064
3.418,0.064
3.420,0.064
3.422,0.064
3.424,0.064
3.426,0.064
3.428,0.064
3.430,0.064
3.432,0.064
3.434,0.064
3.436,0.064
3.438,0.064
3.440,0.064
3.442,0.064
3.444,0.064
3.446,0.064
3.448,0.064
3.450,0.064
3.452,0.064
3.454,0.064
3.456,0.064
3.458,0.064
3.460,0.064
3.462,0.064
3.464,0.064
3.466,0.064
3.468,0.064
3.470,0.064
3.472,0.064
3.474,0.064
3.476,0.064
3.478,0.064
3.480,0.064
3.482,0.064
3.484,0.064
3.486,0.064
3.488,0.064
3.490,0.064
3.492,0.064
3.494,0.064
3.496,0.064
3.498,0.064
3.500,0.064
3.502,0.064
3.504,0.064
3.506,0.064
3.508,0.064
3.510,0.064
3.512,0.064
3.514,0.064
3.516,0.064
3.518,0.064
3.520,0.064
3.522,0.064
3.524,0.064
3.526,0.064
3.528,0.064
3.530,0.064
3.532,0.064
3.534,0.064
3.536,0.064
3.538,0.064
3.540,0.064
3.542,0.064
3.544,0.064
3.546,0.064
3.548,0.064
3.550,0.064
3.552,0.064
3.554,0.064
3.556,0.064
3.558,0.064
3.560,0.064
3.562,0.064
3.564,0.064
3.566,0.064
3.568,0.064
3.570,0.064
3.572,0.064
3.574,0.064
3.576,0.064
3.578,0.064
3.580,0.064
3.582,0.064
3.584,0.064
3.586,0.064
3.588,0.064
3.590,0.064
3.592,0.064
3.594,0.064
3.596,0.064
3.598,0.064
3.600,0.064
3.602,0.064
3.604,0.064
3.606,0.064
3.608,0.064
3.610,0.064
3.612,0.064
3.614,0.064
3.616,0.064
3.618,0.064
3.620,0.064
3.622,0.064
3.624,0.064
3.626,0.064
3.628,0.064
3.630,0.064
3.632,0.064
3.634,0.064
3.636,0.064
3.638,0.064
3.640,0.064
3.642,0.064
3.644,0.064
3.646,0.064
3.648,0.064
3.650,0.064
3.652,0.064
3.654,0.064
3.656,0.064
3.658,0.064
3.660,0.064
3.662,0.064
3.664,0.064
3.666,0.064
3.668,0.064
3.670,0.064
3.672,0.064
3.674,0.064
3.676,0.064
3.678,0.064
3.680,0.064
3.682,0.064
3.684,0.064
3.686,0.064
3.688,0.064
3.690,0.064
3.692,0.064
3.694,0.064
3.696,0.064
3.698,0.064
3.700,0.064
3.702,0.064
3.704,0.064
3.706,0.064
3.708,0.064
3.710,0.064
3.712,0.064
3.714,0.064
3.716,0.064
3.718,0.064
3.720,0.064
3.722,0.064
3.724,0.064
3.726,0.064
3.728,0.064
3.730,0.064
3.732,0.064
3.734,0.064
3.736,0.064
3.738,0.064
3.740,0.064
3.742,0.064
3.744,0.064
3.746,0.064
3.748,0.064
3.750,0.064
3.752,0.064
3.754,0.064
3.756,0.064
3.758,0.064
3.760,0.064
3.762,0.064
3.764,0.064
3.766,0.064
3.768,0.064
3.770,0.064
3.772,0.064
3.774,0.064
3.776,0.064
3.778,0.064
3.780,0.064
3.782,0.064
3.784,0.064
3.786,0.064
3.788,0.064
3.790,0.064
3.792,0.064
3.794,0.064
3.796,0.064
3.798,0.064
3.800,0.064
3.802,0.064
3.804,0.064
3.806,0.064
3.808,0.064
3.810,0.064
3.812,0.064
3.814,0.064
3.816,0.064
3.818,0.064
3.820,0.064
3.822,0.064
3.824,0.064
3.826,0.064
3.828,0.064
3.830,0.064
3.832,0.064
3.834,0.064
3.836,0.064
3.838,0.064
3.840,0.064
3.842,0.064
3.844,0.064
3.846,0.064
3.848,0.064
3.850,0.064
3.852,0.064
3.854,0.064
3.856,0.064
3.858,0.064
3.860,0.064
3.862,0.064
3.864,0.064
3.866,0.064
3.868,0.064
3.870,0.064
3.872,0.064
3.874,0.064
3.876,0.064
3.878,0.064
3.880,0.064
3.882,0.064
3.884,0.064
3.886,0.064
3.888,0.064
3.890,0.064
3.892,0.064
3.894,0.064
3.896,0.064
3.898,0.064
3.900,0.064
3.902,0.064
3.904,0.064
3.906,0.064
3.908,0.064
3.910,0.064
3.912,0.064
3.914,0.064
3.916,0.064
3.918,0.064
3.920,0.064
3.922,0.064
3.924,0.064
3.926,0.064
3.928,0.064
3.930,0.064
3.932,0.064
3.934,0.064
3.936,0.064
3.938,0.064
3.940,0.064
3.942,0.064
3.944,0.064
3.946,0.064
3.948,0.064
3.950,0.064
3.952,0.064
3.954,0.064
3.956,0.064
3.958,0.064
3.960,0.064
3.962,0.064
3.964,0.064
3.966,0.064
3.968,0.064
3.970,0.064
3.972,0.064
3.974,0.064
3.976,0.064
3.978,0.064
3.980,0.064
3.982,0.064
3.984,0.064
3.986,0.064
3.988,0.064
3.990,0.064
3.992,0.064
3.994,0.064
3.996,0.064
3.998,0.064
4.000,0.064
4.002,0.064
4.004,0.064
4.006,0.064
4.008,0.064
4.010,0.064
4.012,0.064
4.014,0.064
4.016,0.064
4.018,0.064
4.020,0.064
4.022,0.064
4.024,0.064
4.026,0.064
4.028,0.064
4.030,0.064
4.032,0.064
4.034,0.064
4.036,0.064
4.038,0.064
4.040,0.064
4.042,0.064
4.044,0.064
4.046,0.064
4.048,0.064
4.050,0.064
4.052,0.064
4.054,0.064
4.056,0.064
4.058,0.064
4.060,0.064
4.062,0.064
4.064,0.064
4.066,0.064
4.068,0.064
4.070,0.064
4.072,0.064
4.074,0.064
4.076,0.064
4.078,0.064
4.080,0.064
4.082,0.064
4.084,0.064
4.086,0.064
4.088,0.064
4.090,0.064
4.092,0.064
4.094,0.064
4.096,0.064
4.098,0.064
4.100,0.064
4.102,0.064
4.104,0.064
4.106,0.064
4.108,0.064
4.110,0.064
4.112,0.064
4.114,0.064
4.116,0.064
4.118,0.064
4.120,0.064
4.122,0.064
4.124,0.064
4.126,0.064
4.128,0.064
4.130,0.064
4.132,0.064
4.134,0.064
4.136,0.064
4.138,0.064
4.140,0.064
4.142,0.064
4.144,0.064
4.146,0.064
4.148,0.064
4.150,0.064
4.152,0.064
4.154,0.064
4.156,0.064
4.158,0.064
4.160,0.064
4.162,0.064
4.164,0.064
4.166,0.064
4.168,0.064
4.170,0.064
4.172,0.064
4.174,0.064
4.176,0.064
4.178,0.064
4.180,0.064
4.182,0.064
4.184,0.064
4.186,0.064
4.188,0.064
4.190,0.064
4.192,0.064
4.194,0.064
4.196,0.064
4.198,0.064
4.200,0.064
4.202,0.064
4.204,0.064
4.206,0.064
4.208,0.064
4.210,0.064
4.212,0.064
4.214,0.064
4.216,0.064
4.218,0.064
4.220,0.064
4.222,0.064
4.224,0.064
4.226,0.064
4.228,0.064
4.230,0.064
4.232,0.064
4.234,0.064
4.236,0.064
4.238,0.064
4.240,0.064
4.242,0.064
4.244,0.064
4.246,0.064
4.248,0.064
4.250,0.064
4.252,0.064
4.254,0.064
4.256,0.064
4.258,0.064
4.260,0.064
4.262,0.064
4.264,0.064
4.266,0.064
4.268,0.064
4.270,0.064
4.272,0.064
4.274,0.064
4.276,0.064
4.278,0.064
4.280,0.064
4.282,0.064
4.284,0.064
4.286,0.064
4.288,0.064
4.290,0.064
4.292,0.064
4.294,0.064
4.296,0.064
4.298,0.064
4.300,0.064
4.302,0.064
4.304,0.064
4.306,0.064
4.308,0.064
4.310,0.064
4.312,0.064
4.314,0.064
4.316,0.064
4.318,0.064
4.320,0.064
4.322,0.064
4.324,0.064
4.326,0.064
4.328,0.064
4.330,0.064
4.332,0.064
4.334,0.064
4.336,0.064
4.338,0.064
4.340,0.064
4.342,0.064
4.344,0.064
4.346,0.064
4.348,0.064
4.350,0.064
4.352,0.064
4.354,0.064
4.356,0.064
4.358,0.064
4.360,0.064
4.362,0.064
4.364,0.064
4.366,0.064
4.368,0.064
4.370,0.064
4.372,0.064
4.374,0.064
4.376,0.064
4.378,0.064
4.380,0.064
4.382,0.064
4.384,0.064
4.386,0.064
4.388,0.064
4.390,0.064
4.392,0.064
4.394,0.064
4.396,0.064
4.398,0.064
4.400,0.064
4.402,0.064
4.404,0.064
4.406,0.064
4.408,0.064
4.410,0.064
4.412,0.064
4.414,0.064
4.416,0.064
4.418,0.064
4.420,0.064
4.422,0.064
4.424,0.064
4.426,0.064
4.428,0.064
4.430,0.064
4.432,0.064
4.434,0.064
4.436,0.064
4.438,0.064
4.440,0.064
4.442,0.064
4.444,0.064
4.446,0.064
4.448,0.064
4.450,0.064
4.452,0.064
4.454,0.064
4.456,0.064
4.458,0.064
4.460,0.064
4.462,0.064
4.464,0.064
4.466,0.064
4.468,0.064
4.470,0.064
4.472,0.064
4.474,0.064
4.476,0.064
4.478,0.064
4.480,0.064
4.482,0.064
4.484,0.064
4.486,0.064
4.488,0.064
4.490,0.064
4.492,0.064
4.494,0.064
4.496,0.064
4.498,0.064
4.500,0.064
4.502,0.064
4.504,0.064
4.506,0.064
4.508,0.064
4.510,0.064
4.512,0.064
4.514,0.064
4.516,0.064
4.518,0.064
4.520,0.064
4.522,0.064
4.524,0.064
4.526,0.064
4.528,0.064
4.530,0.064
4.532,0.064
4.534,0.064
4.536,0.064
4.538,0.064
4.540,0.064
4.542,0.064
4.544,0.064
4.546,0.064
4.548,0.064
4.550,0.064
4.552,0.064
4.554,0.064
4.556,0.064
4.558,0.064
4.560,0.064
4.562,0.064
4.564,0.064
4.566,0.064
4.568,0.064
4.570,0.064
4.572,0.064
4.574,0.064
4.576,0.064
4.578,0.064
4.580,0.064
4.582,0.064
4.584,0.064
4.586,0.064
4.588,0.064
4.590,0.064
4.592,0.064
4.594,0.064
4.596,0.064
4.598,0.064
4.600,0.064
4.602,0.064
4.604,0.064
4.606,0.064
4.608,0.064
4.610,0.064
4.612,0.064
4.614,0.064
4.616,0.064
4.618,0.064
4.620,0.064
4.622,0.064
4.624,0.064
4.626,0.064
4.628,0.064
4.630,0.064
4.632,0.064
4.634,0.064
4.636,0.064
4.638,0.064
4.640,0.064
4.642,0.064
4.644,0.064
4.646,0.064
4.648,0.064
4.650,0.064
4.652,0.064
4.654,0.064
4.656,0.064
4.658,0.064
4.660,0.064
4.662,0.064
4.664,0.064
4.666,0.064
4.668,0.064
4.670,0.064
4.672,0.064
4.674,0.064
4.676,0.064
4.678,0.064
4.680,0.064
4.682,0.064
4.684,0.064
4.686,0.064
4.688,0.064
4.690,0.064
4.692,0.064
4.694,0.064
4.696,0.064
4.698,0.064
4.700,0.064
4.702,0.064
4.704,0.064
4.706,0.064
4.708,0.064
4.710,0.064
4.712,0.064
4.714,0.064
4.716,0.064
4.718,0.064
4.720,0.064
4.722,0.064
4.724,0.064
4.726,0.064
4.728,0.064
4.730,0.064
4.732,0.064
4.734,0.064
4.736,0.064
4.738,0.064
4.740,0.064
4.742,0.064
4.744,0.064
4.746,0.064
4.748,0.064
4.750,0.064
4.752,0.064
4.754,0.064
4.756,0.064
4.758,0.064
4.760,0.064
4.762,0.064
4.764,0.064
4.766,0.064
4.768,0.064
4.770,0.064
4.772,0.064
4.774,0.064
4.776,0.064
4.778,0.064
4.780,0.064
4.782,0.064
4.784,0.064
4.786,0.064
4.788,0.064
4.790,0.064
4.792,0.064
4.794,0.064
4.796,0.064
4.798,0.064
4.800,0.064
4.802,0.064
4.804,0.064
4.806,0.064
4.808,0.064
4.810,0.064
4.812,0.064
4.814,0.064
4.816,0.064
4.818,0.064
4.820,0.064
4.822,0.064
4.824,0.064
4.826,0.064
4.828,0.064
4.830,0.064
4.832,0.064
4.834,0.064
4.836,0.064
4.838,0.064
4.840,0.064
4.842,0.064
4.844,0.064
4.846,0.064
4.848,0.064
4.850,0.064
4.852,0.064
4.854,0.064
4.856,0.064
4.858,0.064
4.860,0.064
4.862,0.064
4.864,0.064
4.866,0.064
4.868,0.064
4.870,0.064
4.872,0.064
4.874,0.064
4.876,0.064
4.878,0.064
4.880,0.064
4.882,0.064
4.884,0.064
4.886,0.064
4.888,0.064
4.890,0.064
4.892,0.064
4.894,0.064
4.896,0.064
4.898,0.064
4.900,0.064
4.902,0.064
4.904,0.064
4.906,0.064
4.908,0.064
4.910,0.064
4.912,0.064
4.914,0.064
4.916,0.064
4.918,0.064
4.920,0.064
4.922,0.064
4.924,0.064
4.926,0.064
4.928,0.064
4.930,0.064
4.932,0.064
4.934,0.064
4.936,0.064
4.938,0.064
4.940,0.064
4.942,0.064
4.944,0.064
4.946,0.064
4.948,0.064
4.950,0.064
4.952,0.064
4.954,0.064
4.956,0.064
4.958,0.064
4.960,0.064
4.962,0.064
4.964,0.064
4.966,0.064
4.968,0.064
4.970,0.064
4.972,0.064
4.974,0.064
4.976,0.064
4.978,0.064
4.980,0.064
4.982,0.064
4.984,0.064
4.986,0.064
4.988,0.064
4.990,0.064
4.992,0.064
4.994,0.064
4.996,0.064
4.998,0.064
5.000,0.064
5.002,0.064
5.004,0.064
5.006,0.064
5.008,0.064
5.010,0.064
5.012,0.064
5.014,0.064
5.016,0.064
5.018,0.064
5.020,0.064
5.022,0.064
5.024,0.064
5.026,0.064
5.028,0.064
5.030,0.064
5.032,0.064
5.034,0.064
5.036,0.064
5.038,0.064
5.040,0.064
5.042,0.064
5.044,0.064
5.046,0.064
5.048,0.064
5.050,0.064
5.052,0.064
5.054,0.064
5.056,0.064
5.058,0.064
5.060,0.064
5.062,0.064
5.064,0.064
5.066,0.064
5.068,0.064
5.070,0.064
5.072,0.064
5.074,0.064
5.076,0.064
5.078,0.064
5.080,0.064
5.082,0.064
5.084,0.064
5.086,0.064
5.088,0.064
5.090,0.064
5.092,0.064
5.094,0.064
5.096,0.064
5.098,0.064
5.100,0.064
5.102,0.064
5.104,0.064
5.106,0.064
5.108,0.064
5.110,0.064
5.112,0.064
5.114,0.064
5.116,0.064
5.118,0.064
5.120,0.064
5.122,0.064
5.124,0.064
5.126,0.064
5.128,0.064
5.130,0.064
5.132,0.064
5.134,0.064
5.136,0.064
5.138,0.064
5.140,0.064
5.142,0.064
5.144,0.064
5.146,0.064
5.148,0.064
5.150,0.064
5.152,0.064
5.154,0.064
5.156,0.064
5.158,0.064
5.160,0.064
5.162,0.064
5.164,0.064
5.166,0.064
5.168,0.064
5.170,0.064
5.172,0.064
5.174,0.064
5.176,0.064
5.178,0.064
5.180,0.064
5.182,0.064
5.184,0.064
5.186,0.064
5.188,0.064
5.190,0.064
5.192,0.064
5.194,0.064
5.196,0.064
5.198,0.064
5.200,0.064
5.202,0.064
5.204,0.064
5.206,0.064
5.208,0.064
5.210,0.064
5.212,0.064
5.214,0.064
5.216,0.064
5.218,0.064
5.220,0.064
5.222,0.064
5.224,0.064
5.226,0.064
5.228,0.064
5.230,0.064
5.232,0.064
5.234,0.064
5.236,0.064
5.238,0.064
5.240,0.064
5.242,0.064
5.244,0.064
5.246,0.064
5.248,0.064
5.250,0.064
5.252,0.064
5.254,0.064
5.256,0.064
5.258,0.064
5.260,0.064
5.262,0.064
5.264,0.064
5.266,0.064
5.268,0.064
5.270,0.064
5.272,0.064
5.274,0.064
5.276,0.064
5.278,0.064
5.280,0.064
5.282,0.064
5.284,0.064
5.286,0.064
5.288,0.064
5.290,0.064
5.292,0.064
5.294,0.064
5.296,0.064
5.298,0.064
5.300,0.064
5.302,0.064
5.304,0.064
5.306,0.064
5.308,0.064
5.310,0.064
5.312,0.064
5.314,0.064
5.316,0.064
5.318,0.064
5.320,0.064
5.322,0.064
5.324,0.064
5.326,0.064
5.328,0.064
5.330,0.064
5.332,0.064
5.334,0.064
5.336,0.064
5.338,0.064
5.340,0.064
5.342,0.064
5.344,0.064
5.346,0.064
5.348,0.064
5.350,0.064
5.352,0.064
5.354,0.064
5.356,0.064
5.358,0.064
5.360,0.064
5.362,0.064
5.364,0.064
5.366,0.064
5.368,0.064
5.370,0.064
5.372,0.064
5.374,0.064
5.376,0.064
5.378,0.064
5.380,0.064
5.382,0.064
5.384,0.064
5.386,0.064
5.388,0.064
5.390,0.064
5.392,0.064
5.394,0.064
5.396,0.064
5.398,0.064
5.400,0.064
5.402,0.064
5.404,0.064
5.406,0.064
5.408,0.064
5.410,0.064
5.412,0.064
5.414,0.064
5.416,0.064
5.418,0.064
5.420,0.064
5.422,0.064
5.424,0.064
5.426,0.064
5.428,0.064
5.430,0.064
5.432,0.064
5.434,0.064
5.436,0.064
5.438,0.064
5.440,0.064
5.442,0.064
5.444,0.064
5.446,0.064
5.448,0.064
5.450,0.064
5.452,0.064
5.454,0.064
5.456,0.064
5.458,0.064
5.460,0.064
5.462,0.064
5.464,0.064
5.466,0.064
5.468,0.064
5.470,0.064
5.472,0.064
5.474,0.064
5.476,0.064
5.478,0.064
5.480,0.064
5.482,0.064
5.484,0.064
5.486,0.064
5.488,0.064
5.490,0.064
5.492,0.064
5.494,0.064
5.496,0.064
5.498,0.064
5.500,0.064
5.502,0.064
5.504,0.064
5.506,0.064
5.508,0.064
5.510,0.064
5.512,0.064
5.514,0.064
5.516,0.064
5.518,0.064
5.520,0.064
5.522,0.064
5.524,0.064
5.526,0.064
5.528,0.064
5.530,0.064
5.532,0.064
5.534,0.064
5.536,0.064
5.538,0.064
5.540,0.064
5.542,0.064
5.544,0.064
5.546,0.064
5.548,0.064
5.550,0.064
5.552,0.064
5.554,0.064
5.556,0.064
5.558,0.064
5.560,0.064
5.562,0.064
5.564,0.064
5.566,0.064
5.568,0.064
5.570,0.064
5.572,0.064
5.574,0.064
5.576,0.064
5.578,0.064
5.580,0.064
5.582,0.064
5.584,0.064
5.586,0.064
5.588,0.064
5.590,0.064
5.592,0.064
5.594,0.064
5.596,0.064
5.598,0.064
5.600,0.064
5.602,0.064
5.604,0.064
5.606,0.064
5.608,0.064
5.610,0.064
5.612,0.064
5.614,0.064
5.616,0.064
5.618,0.064
5.620,0.064
5.622,0.064
5.624,0.064
5.626,0.064
5.628,0.064
5.630,0.064
5.632,0.064
5.634,0.064
5.636,0.064
5.638,0.064
5.640,0.064
5.642,0.064
5.644,0.064
5.646,0.064
5.648,0.064
5.650,0.064
5.652,0.064
5.654,0.064
5.656,0.064
5.658,0.064
5.660,0.064
5.662,0.064
5.664,0.064
5.666,0.064
5.668,0.064
5.670,0.064
5.672,0.064
5.674,0.064
5.676,0.064
5.678,0.064
5.680,0.064
5.682,0.064
5.684,0.064
5.686,0.064
5.688,0.064
5.690,0.064
5.692,0.064
5.694,0.064
5.696,0.064
5.698,0.064
5.700,0.064
5.702,0.064
5.704,0.064
5.706,0.064
5.708,0.064
5.710,0.064
5.712,0.064
5.714,0.064
5.716,0.064
5.718,0.064
5.720,0.064
5.722,0.064
5.724,0.064
5.726,0.064
5.728,0.064
5.730,0.064
5.732,0.064
5.734,0.064
5.736,0.064
5.738,0.064
5.740,0.064
5.742,0.064
5.744,0.064
5.746,0.064
5.748,0.064
5.750,0.064
5.752,0.064
5.754,0.064
5.756,0.064
5.758,0.064
5.760,0.064
5.762,0.064
5.764,0.064
5.766,0.064
5.768,0.064
5.770,0.064
5.772,0.064
5.774,0.064
5.776,0.064
5.778,0.064
5.780,0.064
5.782,0.064
5.784,0.064
5.786,0.064
5.788,0.064
5.790,0.064
5.792,0.064
5.794,0.064
5.796,0.064
5.798,0.064
5.800,0.064
5.802,0.064
5.804,0.064
5.806,0.064
5.808,0.064
5.810,0.064
5.812,0.064
5.814,0.064
5.816,0.064
5.818,0.064
5.820,0.064
5.822,0.064
5.824,0.064
5.826,0.064
5.828,0.064
5.830,0.064
5.832,0.064
5.834,0.064
5.836,0.064
5.838,0.064
5.840,0.064
5.842,0.064
5.844,0.064
5.846,0.064
5.848,0.064
5.850,0.064
5.852,0.064
5.854,0.064
5.856,0.064
5.858,0.064
5.860,0.064
5.862,0.064
5.864,0.064
5.866,0.064
5.868,0.064
5.870,0.064
5.872,0.064
5.874,0.064
5.876,0.064
5.878,0.064
5.880,0.064
5.882,0.064
5.884,0.064
5.886,0.064
5.888,0.064
5.890,0.064
5.892,0.064
5.894,0.064
5.896,0.064
5.898,0.064
5.900,0.064
5.902,0.064
5.904,0.064
5.906,0.064
5.908,0.064
5.910,0.064
5.912,0.064
5.914,0.064
5.916,0.064
5.918,0.064
5.920,0.064
5.922,0.064
5.924,0.064
5.926,0.064
5.928,0.064
5.930,0.064
5.932,0.064
5.934,0.064
5.936,0.064
5.938,0.064
5.940,0.064
5.942,0.064
5.944,0.064
5.946,0.064
5.948,0.064
5.950,0.064
5.952,0.064
5.954,0.064
5.956,0.064
5.958,0.064
5.960,0.064
5.962,0.064
5.964,0.064
5.966,0.064
5.968,0.064
5.970,0.064
5.972,0.064
5.974,0.064
5.976,0.064
5.978,0.064
5.980,0.064
5.982,0.064
5.984,0.064
5.986,0.064
5.988,0.064
5.990,0.064
5.992,0.064
5.994,0.064
5.996,0.064
5.998,0.064